nx,ny,threads,time,iterations
65,65,1,0.022437,100
65,65,2,0.022499,100
65,65,4,0.022412,100
